file_id,file_name,type,size_mb,domain,period,entity_scope,technical_content,machine_readability,risk,quality_flags,current_state,current_use,confidentiality,target_system,target_register,required_action,sha256,source
FILE-001,6-НДФЛ (с 2021 года) за 2024 г. (ДЕКОР ООО).pdf,PDF,2.154,Налоги и обязательная отчётность,2024,ООО «ДЕКОР»,78 стр.; текстовый слой 78/78,Полная: текст извлечён,Низкий,Технических ошибок при извлечении не обнаружено; бизнес-корректность не подтверждена,Есть,Можно использовать как источник после содержательной сверки.,Обычный внутренний,Tax ledger + ENS register + DMS,"Декларации, обязательства, уведомления, ЕНС",Карантин → исправление → контрольная загрузка,f5301bbae5d8fc62b366f54059ba1d9cc80d4b65b46c53b5f68ea6fc1c04c3c2,Google Drive: папка аудита (точное имя файла указано в колонке «Файл»)
FILE-002,6-НДФЛ (с 2021 года) за 2024 г. (Янина Ю. Ф. ИП).pdf,PDF,2.173,Налоги и обязательная отчётность,2024,ИП Янина / операционный контур (требует подтверждения по части файлов),79 стр.; текстовый слой 79/79,Полная: текст извлечён,Низкий,Технических ошибок при извлечении не обнаружено; бизнес-корректность не подтверждена,Есть,Можно использовать как источник после содержательной сверки.,Обычный внутренний,Tax ledger + ENS register + DMS,"Декларации, обязательства, уведомления, ЕНС",Карантин → исправление → контрольная загрузка,4f39b4966345ad10efdd5274f98a171cb71a1c80e0e54346175fbaaba79a2528,Google Drive: папка аудита (точное имя файла указано в колонке «Файл»)
FILE-003,6-НДФЛ (с 2021 года) за 2025 г. (ДЕКОР ООО).pdf,PDF,1.513,Налоги и обязательная отчётность,2025,ООО «ДЕКОР»,53 стр.; текстовый слой 53/53,Полная: текст извлечён,Низкий,Технических ошибок при извлечении не обнаружено; бизнес-корректность не подтверждена,Есть,Можно использовать как источник после содержательной сверки.,Обычный внутренний,Tax ledger + ENS register + DMS,"Декларации, обязательства, уведомления, ЕНС",Карантин → исправление → контрольная загрузка,99a04fde09f387e08541663b6de77327f46402c47eae501c38f632efd1cbc49f,Google Drive: папка аудита (точное имя файла указано в колонке «Файл»)
FILE-004,6-НДФЛ (с 2021 года) за 2025 г. (Янина Ю. Ф. ИП)(1).pdf,PDF,2.073,Налоги и обязательная отчётность,2025,ИП Янина / операционный контур (требует подтверждения по части файлов),75 стр.; текстовый слой 75/75,Полная: текст извлечён,Средний,Точный бинарный дубль: 6-НДФЛ (с 2021 года) за 2025 г. (Янина Ю. Ф. ИП).pdf,"Есть, но дубль",Хранить одну каноническую копию; вторую исключить из расчётного контура.,Обычный внутренний,Tax ledger + ENS register + DMS,"Декларации, обязательства, уведомления, ЕНС",Архивировать дубль; исключить из расчётного контура,a8fcdd6b6090a6883a7a2722815a3cf386228cf010d6b485bf1630f528928fe1,Google Drive: папка аудита (точное имя файла указано в колонке «Файл»)
FILE-005,6-НДФЛ (с 2021 года) за 2025 г. (Янина Ю. Ф. ИП).pdf,PDF,2.073,Налоги и обязательная отчётность,2025,ИП Янина / операционный контур (требует подтверждения по части файлов),75 стр.; текстовый слой 75/75,Полная: текст извлечён,Средний,Точный бинарный дубль: 6-НДФЛ (с 2021 года) за 2025 г. (Янина Ю. Ф. ИП)(1).pdf,"Есть, но дубль",Хранить одну каноническую копию; вторую исключить из расчётного контура.,Обычный внутренний,Tax ledger + ENS register + DMS,"Декларации, обязательства, уведомления, ЕНС",Архивировать дубль; исключить из расчётного контура,a8fcdd6b6090a6883a7a2722815a3cf386228cf010d6b485bf1630f528928fe1,Google Drive: папка аудита (точное имя файла указано в колонке «Файл»)
FILE-006,NDA_ИП_Янина + паспорт.docx,Word DOCX,2.712,Договоры и проектные документы,Не определён из названия,ИП Янина / операционный контур (требует подтверждения по части файлов),Извлечение: complete,Полная: текст/таблицы извлечены,Низкий,Содержит паспортные/персональные данные,Есть,Использовать только в защищённом контуре; не включать персональные данные в аналитические витрины.,Ограниченный доступ: паспортные/персональные данные,DMS/GRC,"Договоры, NDA, регламенты, approvals",Хранить только в защищённом DMS; не загружать в аналитические витрины,c83df869483d0814b2369f0b23c19e9512b933181cd774fd8d6319c5fc594560,Google Drive: папка аудита (точное имя файла указано в колонке «Файл»)
FILE-007,SALES 2024-2026.xlsx,Excel,0.074,Финансы и денежные потоки,2024–2026,Не указано в названии,4 лист(ов); 3 423 непустых ячеек; 845 формул,Полная: значения и формулы извлечены по всем листам,Средний,Скрытых листов: 1,Есть частично/с ограничениями,Можно использовать как источник после содержательной сверки.,Обычный внутренний,ERP/1С + Bank hub + DWH,"Платежи, ДДС, бюджеты, остатки, AR/AP",Мигрировать данные в целевой регистр; файл оставить read-only выгрузкой/архивом,fc6c0194884c06ffde494e1bbb2624f267ede82ba86f48abdd1dce29ca7e2343,Google Drive: папка аудита (точное имя файла указано в колонке «Файл»)
FILE-008,VTB_BankStatement_40702810804000008482_01.01.2024-22.06.2026_376277.pdf,PDF,0.33,Финансы и денежные потоки,01.01.2024–22.06.2026,Не указано в названии,44 стр.; текстовый слой 44/44,Полная: текст извлечён,Низкий,Технических ошибок при извлечении не обнаружено; бизнес-корректность не подтверждена,Есть,Можно использовать как источник после содержательной сверки.,Обычный внутренний,ERP/1С + Bank hub + DWH,"Платежи, ДДС, бюджеты, остатки, AR/AP",Карантин → исправление → контрольная загрузка,231bec51ed7e4840300f69de16081d4e4697c38bc63e40b1aa1a7fa12b83f1cc,Google Drive: папка аудита (точное имя файла указано в колонке «Файл»)
FILE-009,VTB_BankStatement_40802810404000000049_01.01.2024-22.06.2026_417016.pdf,PDF,0.218,Финансы и денежные потоки,01.01.2024–22.06.2026,Не указано в названии,22 стр.; текстовый слой 22/22,Полная: текст извлечён,Низкий,Технических ошибок при извлечении не обнаружено; бизнес-корректность не подтверждена,Есть,Можно использовать как источник после содержательной сверки.,Обычный внутренний,ERP/1С + Bank hub + DWH,"Платежи, ДДС, бюджеты, остатки, AR/AP",Карантин → исправление → контрольная загрузка,cf1a608847cbabf78b2fddfc42d1e4b476333b8006f13d0f23f2078fbb5c9655,Google Drive: папка аудита (точное имя файла указано в колонке «Файл»)
FILE-010,VTB_BankStatement_40802810500000006196_01.01.2024-22.06.2026_417014.pdf,PDF,0.86,Финансы и денежные потоки,01.01.2024–22.06.2026,Не указано в названии,125 стр.; текстовый слой 125/125,Полная: текст извлечён,Низкий,Технических ошибок при извлечении не обнаружено; бизнес-корректность не подтверждена,Есть,Можно использовать как источник после содержательной сверки.,Обычный внутренний,ERP/1С + Bank hub + DWH,"Платежи, ДДС, бюджеты, остатки, AR/AP",Карантин → исправление → контрольная загрузка,4e7a03bae00824c1de5183782258450170b3913b609912654c9c41d2cd4a7450,Google Drive: папка аудита (точное имя файла указано в колонке «Файл»)
FILE-011,Бюджет 2-е полугодие 2025(1).xlsx,Excel,0.015,Финансы и денежные потоки,2025,Не указано в названии,1 лист(ов); 293 непустых ячеек; 25 формул,Полная: значения и формулы извлечены по всем листам,Низкий,Технических ошибок при извлечении не обнаружено; бизнес-корректность не подтверждена,Есть,Можно использовать как источник после содержательной сверки.,Обычный внутренний,ERP/1С + Bank hub + DWH,"Платежи, ДДС, бюджеты, остатки, AR/AP",Карантин → исправление → контрольная загрузка,47b23059c04824e80994501c130695ea0d92d4c915ed4f111af0bb90d491853e,Google Drive: папка аудита (точное имя файла указано в колонке «Файл»)
FILE-012,Бюджет 2026.xlsx,Excel,0.027,Финансы и денежные потоки,2026,Не указано в названии,1 лист(ов); 816 непустых ячеек; 158 формул,Полная: значения и формулы извлечены по всем листам,Низкий,Технических ошибок при извлечении не обнаружено; бизнес-корректность не подтверждена,Есть,Можно использовать как источник после содержательной сверки.,Обычный внутренний,ERP/1С + Bank hub + DWH,"Платежи, ДДС, бюджеты, остатки, AR/AP",Карантин → исправление → контрольная загрузка,7b59f03fc58cdbed34e9acb5a9554b3b10995ba398df5d2c43905f0ba2aab17c,Google Drive: папка аудита (точное имя файла указано в колонке «Файл»)
FILE-013,Выписка_40802810202620002686_01.01.2024–31.12.2024.xlsx,Excel,0.085,Финансы и денежные потоки,01.01.2024–31.12.2024,Не указано в названии,1 лист(ов); 8 931 непустых ячеек; 0 формул,Полная: значения и формулы извлечены по всем листам,Низкий,Технических ошибок при извлечении не обнаружено; бизнес-корректность не подтверждена,Есть,Можно использовать как источник после содержательной сверки.,Обычный внутренний,ERP/1С + Bank hub + DWH,"Платежи, ДДС, бюджеты, остатки, AR/AP",Карантин → исправление → контрольная загрузка,3bb52ee0aff1f384b776bedf4aecf5890d2c69c9b6ee62367a5149b609c72ce3,Google Drive: папка аудита (точное имя файла указано в колонке «Файл»)
FILE-014,Выписка_40802810202620002686_01.01.2025–31.12.2025.xlsx,Excel,0.097,Финансы и денежные потоки,01.01.2025–31.12.2025,Не указано в названии,1 лист(ов); 10 403 непустых ячеек; 0 формул,Полная: значения и формулы извлечены по всем листам,Низкий,Технических ошибок при извлечении не обнаружено; бизнес-корректность не подтверждена,Есть,Можно использовать как источник после содержательной сверки.,Обычный внутренний,ERP/1С + Bank hub + DWH,"Платежи, ДДС, бюджеты, остатки, AR/AP",Карантин → исправление → контрольная загрузка,e56d76d98c0100d2f488a5e9cb129f7691d12f0ee7220897395539e7a866c8ea,Google Drive: папка аудита (точное имя файла указано в колонке «Файл»)
FILE-015,Выписка_40802810202620002686_01.01.2026–23.06.2026.xlsx,Excel,0.036,Финансы и денежные потоки,01.01.2026–23.06.2026,Не указано в названии,1 лист(ов); 3 478 непустых ячеек; 0 формул,Полная: значения и формулы извлечены по всем листам,Низкий,Технических ошибок при извлечении не обнаружено; бизнес-корректность не подтверждена,Есть,Можно использовать как источник после содержательной сверки.,Обычный внутренний,ERP/1С + Bank hub + DWH,"Платежи, ДДС, бюджеты, остатки, AR/AP",Карантин → исправление → контрольная загрузка,f7e9f79d4112a6de86882297d503d012943fe0e2f282e4436eb04a093cd0e4b5,Google Drive: папка аудита (точное имя файла указано в колонке «Файл»)
FILE-016,Вышивка себестоимость 2024-2026.xlsx,Excel,2.22,Себестоимость и производство,2024–2026,ИП Янина / операционный контур (требует подтверждения по части файлов),7 лист(ов); 66 623 непустых ячеек; 3 945 формул,Полная: значения и формулы извлечены по всем листам,Низкий,Встроенных медиафайлов: 28,Есть,Можно использовать как источник после содержательной сверки.,Обычный внутренний,PLM/ERP/MES,"BOM, production order, операции, cost version",Мигрировать данные в целевой регистр; файл оставить read-only выгрузкой/архивом,627daa533ffd16aae4cbeeda651e6012595d9fcbb4e0586b4e2d3b8c5f2a7509,Google Drive: папка аудита (точное имя файла указано в колонке «Файл»)
FILE-017,ДДС 2024.xlsx,Excel,0.309,Финансы и денежные потоки,2024,ИП Янина / операционный контур (требует подтверждения по части файлов),9 лист(ов); 19 037 непустых ячеек; 288 формул,Полная: значения и формулы извлечены по всем листам,Средний,Внешние ссылки на локальные пути: 2,Есть частично/с ограничениями,Можно использовать как источник после содержательной сверки. Перед обновлением ссылок заменить локальные пути или зафиксировать значения.,Обычный внутренний,ERP/1С + Bank hub + DWH,"Платежи, ДДС, бюджеты, остатки, AR/AP",Карантин → исправление → контрольная загрузка,cc92902423d37a432056be76995f96aac6593c803d63f9a250797c68f8fe4dc8,Google Drive: папка аудита (точное имя файла указано в колонке «Файл»)
FILE-018,ДДС 2025.xlsx,Excel,0.366,Финансы и денежные потоки,2025,ИП Янина / операционный контур (требует подтверждения по части файлов),9 лист(ов); 28 368 непустых ячеек; 102 формул,Полная: значения и формулы извлечены по всем листам,Низкий,Технических ошибок при извлечении не обнаружено; бизнес-корректность не подтверждена,Есть,Можно использовать как источник после содержательной сверки.,Обычный внутренний,ERP/1С + Bank hub + DWH,"Платежи, ДДС, бюджеты, остатки, AR/AP",Карантин → исправление → контрольная загрузка,a4ff290aba3fc9e7828c43781ef3383b7a2308855cc54c5d2fe87086e6ea1f98,Google Drive: папка аудита (точное имя файла указано в колонке «Файл»)
FILE-019,ДДС 2026.xlxs.xlsx,Excel,0.189,Финансы и денежные потоки,2026,ИП Янина / операционный контур (требует подтверждения по части файлов),8 лист(ов); 11 069 непустых ячеек; 47 формул,Полная: значения и формулы извлечены по всем листам,Средний,Внешние ссылки на локальные пути: 2,Есть частично/с ограничениями,Можно использовать как источник после содержательной сверки. Перед обновлением ссылок заменить локальные пути или зафиксировать значения.,Обычный внутренний,ERP/1С + Bank hub + DWH,"Платежи, ДДС, бюджеты, остатки, AR/AP",Карантин → исправление → контрольная загрузка,ebe873a7ce956dc8fcffdb33a52fa89347a98e1f7ac7294457e409461390a2d3,Google Drive: папка аудита (точное имя файла указано в колонке «Файл»)
FILE-020,Декларация по НДС за 1 квартал 2025 г. (Янина Ю. Ф. ИП).pdf,PDF,1.951,Налоги и обязательная отчётность,1 кв. 2025,ИП Янина / операционный контур (требует подтверждения по части файлов),83 стр.; текстовый слой 83/83,Полная: текст извлечён,Низкий,Технических ошибок при извлечении не обнаружено; бизнес-корректность не подтверждена,Есть,Можно использовать как источник после содержательной сверки.,Обычный внутренний,Tax ledger + ENS register + DMS,"Декларации, обязательства, уведомления, ЕНС",Карантин → исправление → контрольная загрузка,f74a077718eabd5a25bda1f1f7d84c320e27b65a9c8b9b97263170d98be328ec,Google Drive: папка аудита (точное имя файла указано в колонке «Файл»)
FILE-021,Декларация по НДС за 1 квартал 2026 г. (Янина Ю. Ф. ИП).pdf,PDF,1.856,Налоги и обязательная отчётность,1 кв. 2026,ИП Янина / операционный контур (требует подтверждения по части файлов),75 стр.; текстовый слой 75/75,Полная: текст извлечён,Низкий,Технических ошибок при извлечении не обнаружено; бизнес-корректность не подтверждена,Есть,Можно использовать как источник после содержательной сверки.,Обычный внутренний,Tax ledger + ENS register + DMS,"Декларации, обязательства, уведомления, ЕНС",Карантин → исправление → контрольная загрузка,58e7c0a3c0a6a7a02e1604b53ac39e08da7c020f7984c526e85316538a637186,Google Drive: папка аудита (точное имя файла указано в колонке «Файл»)
FILE-022,Декларация по НДС за 2 квартал 2025 г. (Янина Ю. Ф. ИП).pdf,PDF,1.91,Налоги и обязательная отчётность,2 кв. 2025,ИП Янина / операционный контур (требует подтверждения по части файлов),81 стр.; текстовый слой 81/81,Полная: текст извлечён,Низкий,Технических ошибок при извлечении не обнаружено; бизнес-корректность не подтверждена,Есть,Можно использовать как источник после содержательной сверки.,Обычный внутренний,Tax ledger + ENS register + DMS,"Декларации, обязательства, уведомления, ЕНС",Карантин → исправление → контрольная загрузка,751e72cc84b854ccfa8337778f0292e2ec3d4db787406b27c620d4004fe50fb4,Google Drive: папка аудита (точное имя файла указано в колонке «Файл»)
FILE-023,Декларация по НДС за 3 квартал 2025 г. (Янина Ю. Ф. ИП).pdf,PDF,1.629,Налоги и обязательная отчётность,3 кв. 2025,ИП Янина / операционный контур (требует подтверждения по части файлов),68 стр.; текстовый слой 68/68,Полная: текст извлечён,Низкий,Технических ошибок при извлечении не обнаружено; бизнес-корректность не подтверждена,Есть,Можно использовать как источник после содержательной сверки.,Обычный внутренний,Tax ledger + ENS register + DMS,"Декларации, обязательства, уведомления, ЕНС",Карантин → исправление → контрольная загрузка,4189b452903722c4ecbc1a72c3a2a4d418bafb67d6a8a2132c936c79f8bbdd8a,Google Drive: папка аудита (точное имя файла указано в колонке «Файл»)
FILE-024,Декларация по НДС за 4 квартал 2025 г. (Янина Ю. Ф. ИП).pdf,PDF,1.907,Налоги и обязательная отчётность,4 кв. 2025,ИП Янина / операционный контур (требует подтверждения по части файлов),81 стр.; текстовый слой 81/81,Полная: текст извлечён,Низкий,Технических ошибок при извлечении не обнаружено; бизнес-корректность не подтверждена,Есть,Можно использовать как источник после содержательной сверки.,Обычный внутренний,Tax ledger + ENS register + DMS,"Декларации, обязательства, уведомления, ЕНС",Карантин → исправление → контрольная загрузка,fd5d253e7ee2ba66265b17ef91dc4112a2241272885bbf706155ad881d29c836,Google Drive: папка аудита (точное имя файла указано в колонке «Файл»)
FILE-025,Декларация по УСН за 2024 г. (ДЕКОР ООО).pdf,PDF,0.236,Налоги и обязательная отчётность,2024,ООО «ДЕКОР»,6 стр.; текстовый слой 6/6,Полная: текст извлечён,Низкий,Технических ошибок при извлечении не обнаружено; бизнес-корректность не подтверждена,Есть,Можно использовать как источник после содержательной сверки.,Обычный внутренний,Tax ledger + ENS register + DMS,"Декларации, обязательства, уведомления, ЕНС",Карантин → исправление → контрольная загрузка,3c28c9e1de553f4200e67d8a4c1ba533cc8e651d76e6a888b4195ed10a50a99d,Google Drive: папка аудита (точное имя файла указано в колонке «Файл»)
FILE-026,Декларация по УСН за 2024 г. (Янина Ю. Ф. ИП).pdf,PDF,0.214,Налоги и обязательная отчётность,2024,ИП Янина / операционный контур (требует подтверждения по части файлов),4 стр.; текстовый слой 4/4,Полная: текст извлечён,Низкий,Технических ошибок при извлечении не обнаружено; бизнес-корректность не подтверждена,Есть,Можно использовать как источник после содержательной сверки.,Обычный внутренний,Tax ledger + ENS register + DMS,"Декларации, обязательства, уведомления, ЕНС",Карантин → исправление → контрольная загрузка,384293b40f8c821fe09c03dadf6526cf0189aed733aa1cfd85a872ed0c2bf721,Google Drive: папка аудита (точное имя файла указано в колонке «Файл»)
FILE-027,Декларация по УСН за 2025 г. (ДЕКОР ООО)(1).pdf,PDF,0.236,Налоги и обязательная отчётность,2025,ООО «ДЕКОР»,6 стр.; текстовый слой 6/6,Полная: текст извлечён,Низкий,Технических ошибок при извлечении не обнаружено; бизнес-корректность не подтверждена,Есть,Можно использовать как источник после содержательной сверки.,Обычный внутренний,Tax ledger + ENS register + DMS,"Декларации, обязательства, уведомления, ЕНС",Карантин → исправление → контрольная загрузка,12d1111a4489bb076f09469cafbccc8518fbfd2c1a237f73928c5d717f63db98,Google Drive: папка аудита (точное имя файла указано в колонке «Файл»)
FILE-028,Декларация по УСН за 2025 г. (Янина Ю. Ф. ИП)(1).pdf,PDF,0.206,Налоги и обязательная отчётность,2025,ИП Янина / операционный контур (требует подтверждения по части файлов),4 стр.; текстовый слой 4/4,Полная: текст извлечён,Низкий,Технических ошибок при извлечении не обнаружено; бизнес-корректность не подтверждена,Есть,Можно использовать как источник после содержательной сверки.,Обычный внутренний,Tax ledger + ENS register + DMS,"Декларации, обязательства, уведомления, ЕНС",Карантин → исправление → контрольная загрузка,6f9b905decfd14564f228f9dcce3e3806b42234cfea27b4cc9cf510544cbfae6,Google Drive: папка аудита (точное имя файла указано в колонке «Файл»)
FILE-029,Договор_комплексной_диагностики_ИП_Янина_+_паспорт.docx,Word DOCX,0.042,Договоры и проектные документы,Не определён из названия,ИП Янина / операционный контур (требует подтверждения по части файлов),Извлечение: complete,Полная: текст/таблицы извлечены,Низкий,Содержит паспортные/персональные данные,Есть,Использовать только в защищённом контуре; не включать персональные данные в аналитические витрины.,Ограниченный доступ: паспортные/персональные данные,DMS/GRC,"Договоры, NDA, регламенты, approvals",Хранить только в защищённом DMS; не загружать в аналитические витрины,0e9a2e8aa89b4fa9de90726540538048b5e1d1f215851d3cb39d74e0b0baccae,Google Drive: папка аудита (точное имя файла указано в колонке «Файл»)
FILE-030,ЗП за апрель 2025.xlsx,Excel,0.411,Персонал и оплата труда,2025,ИП Янина / операционный контур (требует подтверждения по части файлов),11 лист(ов); 3 340 непустых ячеек; 282 формул,Полная: значения и формулы извлечены по всем листам,Низкий,Встроенных медиафайлов: 1,Есть,Можно использовать как источник после содержательной сверки.,Обычный внутренний,HRIS/ЗУП + Payroll ledger,"Сотрудники, начисления, реестры выплат",Мигрировать данные в целевой регистр; файл оставить read-only выгрузкой/архивом,bd6b213893f2c7b34aca27074eb51daafb68ce9163623b63cc21f962479c567b,Google Drive: папка аудита (точное имя файла указано в колонке «Файл»)
FILE-031,ЗП за апрель 2026.xlsx,Excel,0.079,Персонал и оплата труда,2026,ИП Янина / операционный контур (требует подтверждения по части файлов),12 лист(ов); 3 906 непустых ячеек; 376 формул,Полная: значения и формулы извлечены по всем листам,Низкий,Технических ошибок при извлечении не обнаружено; бизнес-корректность не подтверждена,Есть,Можно использовать как источник после содержательной сверки.,Обычный внутренний,HRIS/ЗУП + Payroll ledger,"Сотрудники, начисления, реестры выплат",Карантин → исправление → контрольная загрузка,a3d0ba92fb36c1a6eda83cf583c84a2bc0d074b45bf92023e946bc6aba98ec78,Google Drive: папка аудита (точное имя файла указано в колонке «Файл»)
FILE-032,ЗП за июнь 2025.xlsx,Excel,0.07,Персонал и оплата труда,2025,ИП Янина / операционный контур (требует подтверждения по части файлов),11 лист(ов); 3 458 непустых ячеек; 309 формул,Полная: значения и формулы извлечены по всем листам,Низкий,Технических ошибок при извлечении не обнаружено; бизнес-корректность не подтверждена,Есть,Можно использовать как источник после содержательной сверки.,Обычный внутренний,HRIS/ЗУП + Payroll ledger,"Сотрудники, начисления, реестры выплат",Карантин → исправление → контрольная загрузка,fb5cfe41ed03d0742bdff0d1e392b1cd6f20e1654ddec6980aca3f634ed2aaab,Google Drive: папка аудита (точное имя файла указано в колонке «Файл»)
FILE-033,ЗП за май 2025.xlsx,Excel,0.065,Персонал и оплата труда,2025,ИП Янина / операционный контур (требует подтверждения по части файлов),11 лист(ов); 3 191 непустых ячеек; 271 формул,Полная: значения и формулы извлечены по всем листам,Низкий,Технических ошибок при извлечении не обнаружено; бизнес-корректность не подтверждена,Есть,Можно использовать как источник после содержательной сверки.,Обычный внутренний,HRIS/ЗУП + Payroll ledger,"Сотрудники, начисления, реестры выплат",Карантин → исправление → контрольная загрузка,5cdda43eb16378f186c51bf58bff4101d49d9188de2f899955b11efcb54166af,Google Drive: папка аудита (точное имя файла указано в колонке «Файл»)
FILE-034,ЗП за май 2026.xlsx,Excel,0.079,Персонал и оплата труда,2026,ИП Янина / операционный контур (требует подтверждения по части файлов),12 лист(ов); 3 694 непустых ячеек; 368 формул,Полная: значения и формулы извлечены по всем листам,Низкий,Технических ошибок при извлечении не обнаружено; бизнес-корректность не подтверждена,Есть,Можно использовать как источник после содержательной сверки.,Обычный внутренний,HRIS/ЗУП + Payroll ledger,"Сотрудники, начисления, реестры выплат",Карантин → исправление → контрольная загрузка,3de974947bcad3855ebb6685bac9733f2093d16069206b857f8e94e3676227cd,Google Drive: папка аудита (точное имя файла указано в колонке «Файл»)
FILE-035,ЗП за март 2025.xlsx,Excel,0.589,Персонал и оплата труда,2025,ИП Янина / операционный контур (требует подтверждения по части файлов),11 лист(ов); 3 180 непустых ячеек; 247 формул,Полная: значения и формулы извлечены по всем листам,Низкий,Встроенных медиафайлов: 1,Есть,Можно использовать как источник после содержательной сверки.,Обычный внутренний,HRIS/ЗУП + Payroll ledger,"Сотрудники, начисления, реестры выплат",Мигрировать данные в целевой регистр; файл оставить read-only выгрузкой/архивом,bbdde3bd1fdf91f390564c24b53a7e2dfdb1d81798fc53d6bc2c18cb0d119b53,Google Drive: папка аудита (точное имя файла указано в колонке «Файл»)
FILE-036,ЗП за март 2026.xlsx,Excel,0.071,Персонал и оплата труда,2026,ИП Янина / операционный контур (требует подтверждения по части файлов),11 лист(ов); 3 749 непустых ячеек; 348 формул,Полная: значения и формулы извлечены по всем листам,Низкий,Технических ошибок при извлечении не обнаружено; бизнес-корректность не подтверждена,Есть,Можно использовать как источник после содержательной сверки.,Обычный внутренний,HRIS/ЗУП + Payroll ledger,"Сотрудники, начисления, реестры выплат",Карантин → исправление → контрольная загрузка,0bb9ee76440947352d23014c5be96fddd514ddf12a0ea99c13dddfbd86f256ba,Google Drive: папка аудита (точное имя файла указано в колонке «Файл»)
FILE-037,ЗП за февраль 2025.xlsx,Excel,0.125,Персонал и оплата труда,2025,ИП Янина / операционный контур (требует подтверждения по части файлов),11 лист(ов); 3 032 непустых ячеек; 281 формул,Полная: значения и формулы извлечены по всем листам,Низкий,Встроенных медиафайлов: 1,Есть,Можно использовать как источник после содержательной сверки.,Обычный внутренний,HRIS/ЗУП + Payroll ledger,"Сотрудники, начисления, реестры выплат",Мигрировать данные в целевой регистр; файл оставить read-only выгрузкой/архивом,2fd7298151e1a5d9ae8c4ce520e9613a78e16e7e8b851f218ca7c3278d1b8041,Google Drive: папка аудита (точное имя файла указано в колонке «Файл»)
FILE-038,ЗП за февраль 2026.xlsx,Excel,0.073,Персонал и оплата труда,2026,ИП Янина / операционный контур (требует подтверждения по части файлов),11 лист(ов); 3 604 непустых ячеек; 337 формул,Полная: значения и формулы извлечены по всем листам,Критический,10 × #REF!,Есть,Не использовать зависимые итоги и распределения до восстановления ссылок.,Обычный внутренний,HRIS/ЗУП + Payroll ledger,"Сотрудники, начисления, реестры выплат",Карантин → исправление → контрольная загрузка,cb8e8dd591819aef6e585d3b2c8cbbfbbda250f11fdcaf9390e309f62fe91e1f,Google Drive: папка аудита (точное имя файла указано в колонке «Файл»)
FILE-039,ЗП за январь 2025.xlsx,Excel,0.329,Персонал и оплата труда,2025,ИП Янина / операционный контур (требует подтверждения по части файлов),11 лист(ов); 2 735 непустых ячеек; 239 формул,Полная: значения и формулы извлечены по всем листам,Низкий,Встроенных медиафайлов: 1,Есть,Можно использовать как источник после содержательной сверки.,Обычный внутренний,HRIS/ЗУП + Payroll ledger,"Сотрудники, начисления, реестры выплат",Мигрировать данные в целевой регистр; файл оставить read-only выгрузкой/архивом,9b9fb12c59e9ef47a35d6d95ab8d48ee46a400ed8bad276a4eb353986a6123d7,Google Drive: папка аудита (точное имя файла указано в колонке «Файл»)
FILE-040,ЗП за январь 2026.xlsx,Excel,0.077,Персонал и оплата труда,2026,ИП Янина / операционный контур (требует подтверждения по части файлов),12 лист(ов); 3 635 непустых ячеек; 352 формул,Полная: значения и формулы извлечены по всем листам,Критический,4 × #REF!,Есть,Не использовать зависимые итоги и распределения до восстановления ссылок.,Обычный внутренний,HRIS/ЗУП + Payroll ledger,"Сотрудники, начисления, реестры выплат",Карантин → исправление → контрольная загрузка,b4ed2a1be4900c1f275865b9e8918f7d2dde9d347f6b12e84a6c390deaf56e93,Google Drive: папка аудита (точное имя файла указано в колонке «Файл»)
FILE-041,зп_конструкторы_01.26.xlsx,Excel,0.043,Персонал и оплата труда,01.2026,ИП Янина / операционный контур (требует подтверждения по части файлов),4 лист(ов); 1 289 непустых ячеек; 166 формул,Полная: значения и формулы извлечены по всем листам,Низкий,Технических ошибок при извлечении не обнаружено; бизнес-корректность не подтверждена,Есть,Можно использовать как источник после содержательной сверки.,Обычный внутренний,HRIS/ЗУП + Payroll ledger,"Сотрудники, начисления, реестры выплат",Карантин → исправление → контрольная загрузка,d0aa6a1a63832e0184b1654f899acbb0cd418c65a90e4ba26c91ca2b63a58c37,Google Drive: папка аудита (точное имя файла указано в колонке «Файл»)
FILE-042,зп_конструкторы_02.26.xlsx,Excel,0.042,Персонал и оплата труда,02.2026,ИП Янина / операционный контур (требует подтверждения по части файлов),4 лист(ов); 1 291 непустых ячеек; 167 формул,Полная: значения и формулы извлечены по всем листам,Низкий,Технических ошибок при извлечении не обнаружено; бизнес-корректность не подтверждена,Есть,Можно использовать как источник после содержательной сверки.,Обычный внутренний,HRIS/ЗУП + Payroll ledger,"Сотрудники, начисления, реестры выплат",Карантин → исправление → контрольная загрузка,1d6289fef8a44651b165c336b8ebb2332a13a6fb9b0b1008b61e26aa5cbf686a,Google Drive: папка аудита (точное имя файла указано в колонке «Файл»)
FILE-043,зп_конструкторы_03.26.xlsx,Excel,0.043,Персонал и оплата труда,03.2026,ИП Янина / операционный контур (требует подтверждения по части файлов),4 лист(ов); 1 291 непустых ячеек; 167 формул,Полная: значения и формулы извлечены по всем листам,Низкий,Технических ошибок при извлечении не обнаружено; бизнес-корректность не подтверждена,Есть,Можно использовать как источник после содержательной сверки.,Обычный внутренний,HRIS/ЗУП + Payroll ledger,"Сотрудники, начисления, реестры выплат",Карантин → исправление → контрольная загрузка,17cbbbf54cf2909d71a4e254aa34fedfede6700865d35c4c5ab352ee2c243d46,Google Drive: папка аудита (точное имя файла указано в колонке «Файл»)
FILE-044,зп_конструкторы_04.26.xlsx,Excel,0.043,Персонал и оплата труда,04.2026,ИП Янина / операционный контур (требует подтверждения по части файлов),4 лист(ов); 1 288 непустых ячеек; 167 формул,Полная: значения и формулы извлечены по всем листам,Низкий,Технических ошибок при извлечении не обнаружено; бизнес-корректность не подтверждена,Есть,Можно использовать как источник после содержательной сверки.,Обычный внутренний,HRIS/ЗУП + Payroll ledger,"Сотрудники, начисления, реестры выплат",Карантин → исправление → контрольная загрузка,098d5b89e567506fa9b002b41339c2e428abe702c31c7af5f948a73f79bbca1b,Google Drive: папка аудита (точное имя файла указано в колонке «Файл»)
FILE-045,зп_конструкторы_05.26.xlsx,Excel,0.044,Персонал и оплата труда,05.2026,ИП Янина / операционный контур (требует подтверждения по части файлов),4 лист(ов); 1 355 непустых ячеек; 180 формул,Полная: значения и формулы извлечены по всем листам,Низкий,Технических ошибок при извлечении не обнаружено; бизнес-корректность не подтверждена,Есть,Можно использовать как источник после содержательной сверки.,Обычный внутренний,HRIS/ЗУП + Payroll ledger,"Сотрудники, начисления, реестры выплат",Карантин → исправление → контрольная загрузка,d2207ee54fbefd9fa34f8a21b6b30ba7010a60206989506a3bda6a55cb2e15d2,Google Drive: папка аудита (точное имя файла указано в колонке «Файл»)
FILE-046,ЗП_ЦЕХ 01.26.xlsx,Excel,0.09,Персонал и оплата труда,01.2026,ИП Янина / операционный контур (требует подтверждения по части файлов),2 лист(ов); 2 706 непустых ячеек; 248 формул,Полная: значения и формулы извлечены по всем листам,Низкий,Технических ошибок при извлечении не обнаружено; бизнес-корректность не подтверждена,Есть,Можно использовать как источник после содержательной сверки.,Обычный внутренний,HRIS/ЗУП + Payroll ledger,"Сотрудники, начисления, реестры выплат",Карантин → исправление → контрольная загрузка,baf7bff99489bf3b33d0214d5a29a9f333b2dd9a0fa290032d74abdfc46a32d2,Google Drive: папка аудита (точное имя файла указано в колонке «Файл»)
FILE-047,ЗП_ЦЕХ 02.26.xlsx,Excel,0.086,Персонал и оплата труда,02.2026,ИП Янина / операционный контур (требует подтверждения по части файлов),2 лист(ов); 2 543 непустых ячеек; 250 формул,Полная: значения и формулы извлечены по всем листам,Низкий,Технических ошибок при извлечении не обнаружено; бизнес-корректность не подтверждена,Есть,Можно использовать как источник после содержательной сверки.,Обычный внутренний,HRIS/ЗУП + Payroll ledger,"Сотрудники, начисления, реестры выплат",Карантин → исправление → контрольная загрузка,bd500a7bc88ce62a53382c9ba4a8401878125fcbda24b7695cac35ff0aa11b09,Google Drive: папка аудита (точное имя файла указано в колонке «Файл»)
FILE-048,ЗП_ЦЕХ 03.26.xlsx,Excel,0.096,Персонал и оплата труда,03.2026,ИП Янина / операционный контур (требует подтверждения по части файлов),2 лист(ов); 3 128 непустых ячеек; 302 формул,Полная: значения и формулы извлечены по всем листам,Низкий,Технических ошибок при извлечении не обнаружено; бизнес-корректность не подтверждена,Есть,Можно использовать как источник после содержательной сверки.,Обычный внутренний,HRIS/ЗУП + Payroll ledger,"Сотрудники, начисления, реестры выплат",Карантин → исправление → контрольная загрузка,dc5e6177775f710e5326359751f2e30e75ee628d0a1aafe4a084384d4246155c,Google Drive: папка аудита (точное имя файла указано в колонке «Файл»)
FILE-049,ЗП_ЦЕХ 04.26.xlsx,Excel,0.094,Персонал и оплата труда,04.2026,ИП Янина / операционный контур (требует подтверждения по части файлов),2 лист(ов); 3 023 непустых ячеек; 288 формул,Полная: значения и формулы извлечены по всем листам,Низкий,Технических ошибок при извлечении не обнаружено; бизнес-корректность не подтверждена,Есть,Можно использовать как источник после содержательной сверки.,Обычный внутренний,HRIS/ЗУП + Payroll ledger,"Сотрудники, начисления, реестры выплат",Карантин → исправление → контрольная загрузка,400d80f1258c2081bf06559290a7c34f2000c571944dd0bd2aef00b601989c2e,Google Drive: папка аудита (точное имя файла указано в колонке «Файл»)
FILE-050,ЗП_ЦЕХ 05.26.xlsx,Excel,0.091,Персонал и оплата труда,05.2026,ИП Янина / операционный контур (требует подтверждения по части файлов),2 лист(ов); 2 956 непустых ячеек; 248 формул,Полная: значения и формулы извлечены по всем листам,Низкий,Технических ошибок при извлечении не обнаружено; бизнес-корректность не подтверждена,Есть,Можно использовать как источник после содержательной сверки.,Обычный внутренний,HRIS/ЗУП + Payroll ledger,"Сотрудники, начисления, реестры выплат",Карантин → исправление → контрольная загрузка,83e3de58784856c6dd0ddb810d1ac32a35998b734490c8b55e8e263020644ba3,Google Drive: папка аудита (точное имя файла указано в колонке «Файл»)
FILE-051,МД — копия.xlsx,Excel,2.177,Себестоимость и производство,Не определён из названия,Не указано в названии,3 лист(ов); 182 964 непустых ячеек; 4 271 формул,Полная: значения и формулы извлечены по всем листам,Низкий,Технических ошибок при извлечении не обнаружено; бизнес-корректность не подтверждена,Есть,Можно использовать как источник после содержательной сверки.,Обычный внутренний,PLM/ERP/MES,"BOM, production order, операции, cost version",Карантин → исправление → контрольная загрузка,47d5b18b8e3a5494d32af6b38a6f4b6ba6adb6abd590cbf131e36d37eec60c1c,Google Drive: папка аудита (точное имя файла указано в колонке «Файл»)
FILE-052,Орг. структура на 28.05.2026.pdf,PDF,0.389,Персонал и оплата труда,2026,Не указано в названии,1 стр.; текстовый слой 1/1,Полная: текст извлечён,Низкий,Технических ошибок при извлечении не обнаружено; бизнес-корректность не подтверждена,Есть,Можно использовать как источник после содержательной сверки.,Обычный внутренний,HRIS/ЗУП + Payroll ledger,"Сотрудники, начисления, реестры выплат",Карантин → исправление → контрольная загрузка,6ff053438e3246cabc00f86470b834f07b3aa3270ce031bcbf1f4b1f3db71e91,Google Drive: папка аудита (точное имя файла указано в колонке «Файл»)
FILE-053,Остатки ткани из 1С на 31.05.2026.xlsx,Excel,0.049,Закупки и запасы,2026,ИП Янина / операционный контур (требует подтверждения по части файлов),1 лист(ов); 5 372 непустых ячеек; 0 формул,Полная: значения и формулы извлечены по всем листам,Низкий,Технических ошибок при извлечении не обнаружено; бизнес-корректность не подтверждена,Есть,Можно использовать как источник после содержательной сверки.,Обычный внутренний,ERP/1С + WMS,"Поставщики, PO, приёмка, материалы, партии",Карантин → исправление → контрольная загрузка,7348edc937a61c525b04495a1c2868073ac6868d54d6667cc949b977c90e4379,Google Drive: папка аудита (точное имя файла указано в колонке «Файл»)
FILE-054,план работы.docx,Word DOCX,0.017,Договоры и проектные документы,Не определён из названия,Не указано в названии,Извлечение: complete,Полная: текст/таблицы извлечены,Низкий,Технических ошибок при извлечении не обнаружено; бизнес-корректность не подтверждена,Есть,Можно использовать как источник после содержательной сверки.,Обычный внутренний,DMS/GRC,"Договоры, NDA, регламенты, approvals",Карантин → исправление → контрольная загрузка,f5394740b494cb40eeb5ff8f5df7d8958b7440d57e3d64543dfd663d45a410ec,Google Drive: папка аудита (точное имя файла указано в колонке «Файл»)
FILE-055,Положение об оплате труда и премировании в ИП Янина.doc,Word DOC,0.12,Персонал и оплата труда,Не определён из названия,ИП Янина / операционный контур (требует подтверждения по части файлов),Извлечение: complete,Полная: текст/таблицы извлечены,Низкий,Технических ошибок при извлечении не обнаружено; бизнес-корректность не подтверждена,Есть,Можно использовать как источник после содержательной сверки.,Обычный внутренний,HRIS/ЗУП + Payroll ledger,"Сотрудники, начисления, реестры выплат",Карантин → исправление → контрольная загрузка,270aeff96e0f38e6e8eade841de53dee04dda71115217f3a070ae9c60b0dbf51,Google Drive: папка аудита (точное имя файла указано в колонке «Файл»)
FILE-056,Приложение 1 к положению.docx,Word DOCX,0.739,Персонал и оплата труда,Не определён из названия,Не указано в названии,Извлечение: complete,Полная: текст/таблицы извлечены,Низкий,Технических ошибок при извлечении не обнаружено; бизнес-корректность не подтверждена,Есть,Можно использовать как источник после содержательной сверки.,Обычный внутренний,HRIS/ЗУП + Payroll ledger,"Сотрудники, начисления, реестры выплат",Карантин → исправление → контрольная загрузка,a594e1f3e73e5513f1cf3ff237b877b190404fe33c8223c8f3f4630266175674,Google Drive: папка аудита (точное имя файла указано в колонке «Файл»)
FILE-057,Продажи ЦУМ 2024.xlsx,Excel,0.09,Продажи и каналы,2024,ИП Янина / операционный контур (требует подтверждения по части файлов),1 лист(ов); 3 223 непустых ячеек; 0 формул,Полная: значения и формулы извлечены по всем листам,Низкий,Технических ошибок при извлечении не обнаружено; бизнес-корректность не подтверждена,Есть,Можно использовать как источник после содержательной сверки.,Обычный внутренний,CRM/POS/CMS + ERP,"Заказы, строки продаж, возвраты, settlement",Карантин → исправление → контрольная загрузка,cc75592daf4117c0cde38741cf8cb62b185cb381096e8e715973bb4a4c961235,Google Drive: папка аудита (точное имя файла указано в колонке «Файл»)
FILE-058,Продажи ЦУМ 2025.xlsx,Excel,0.092,Продажи и каналы,2025,ИП Янина / операционный контур (требует подтверждения по части файлов),1 лист(ов); 3 057 непустых ячеек; 0 формул,Полная: значения и формулы извлечены по всем листам,Низкий,Технических ошибок при извлечении не обнаружено; бизнес-корректность не подтверждена,Есть,Можно использовать как источник после содержательной сверки.,Обычный внутренний,CRM/POS/CMS + ERP,"Заказы, строки продаж, возвраты, settlement",Карантин → исправление → контрольная загрузка,a2b1d2b1ed4e71dbd5bfe584489bbc74dc82fb0f966c7d6cfaf84abe717e6658,Google Drive: папка аудита (точное имя файла указано в колонке «Файл»)
FILE-059,Продажи ЦУМ 2026.xlsx,Excel,0.073,Продажи и каналы,2026,ИП Янина / операционный контур (требует подтверждения по части файлов),1 лист(ов); 1 360 непустых ячеек; 0 формул,Полная: значения и формулы извлечены по всем листам,Низкий,Технических ошибок при извлечении не обнаружено; бизнес-корректность не подтверждена,Есть,Можно использовать как источник после содержательной сверки.,Обычный внутренний,CRM/POS/CMS + ERP,"Заказы, строки продаж, возвраты, settlement",Карантин → исправление → контрольная загрузка,463526e0fbb41a8edf0e3adcbb788351067d1b79c40769f04d05be9150937b1a,Google Drive: папка аудита (точное имя файла указано в колонке «Файл»)
FILE-060,Расходы 2024.xlsx,Excel,0.141,Финансы и денежные потоки,2024,ИП Янина / операционный контур (требует подтверждения по части файлов),16 лист(ов); 4 477 непустых ячеек; 892 формул,Полная: значения и формулы извлечены по всем листам,Низкий,Технических ошибок при извлечении не обнаружено; бизнес-корректность не подтверждена,Есть,Можно использовать как источник после содержательной сверки.,Обычный внутренний,ERP/1С + Bank hub + DWH,"Платежи, ДДС, бюджеты, остатки, AR/AP",Карантин → исправление → контрольная загрузка,2caa0acfd98b050a349b20d4374e9d2c872d4f8f89ee681f15f69494fabfd43b,Google Drive: папка аудита (точное имя файла указано в колонке «Файл»)
FILE-061,Расходы 2025.xlsx,Excel,0.102,Финансы и денежные потоки,2025,ИП Янина / операционный контур (требует подтверждения по части файлов),12 лист(ов); 3 714 непустых ячеек; 931 формул,Полная: значения и формулы извлечены по всем листам,Низкий,Технических ошибок при извлечении не обнаружено; бизнес-корректность не подтверждена,Есть,Можно использовать как источник после содержательной сверки.,Обычный внутренний,ERP/1С + Bank hub + DWH,"Платежи, ДДС, бюджеты, остатки, AR/AP",Карантин → исправление → контрольная загрузка,9838a6cf583edc16a36b02ec374bc55fa8b4c032331632f9ad78f178322d017a,Google Drive: папка аудита (точное имя файла указано в колонке «Файл»)
FILE-062,Расходы 2026.xlsx,Excel,0.058,Финансы и денежные потоки,2026,ИП Янина / операционный контур (требует подтверждения по части файлов),6 лист(ов); 1 775 непустых ячеек; 441 формул,Полная: значения и формулы извлечены по всем листам,Низкий,Технических ошибок при извлечении не обнаружено; бизнес-корректность не подтверждена,Есть,Можно использовать как источник после содержательной сверки.,Обычный внутренний,ERP/1С + Bank hub + DWH,"Платежи, ДДС, бюджеты, остатки, AR/AP",Карантин → исправление → контрольная загрузка,ed89ca0f5abf1e2db44255b4cff99d82460c1dfd2978834ea9941a07e84a0a05,Google Drive: папка аудита (точное имя файла указано в колонке «Файл»)
FILE-063,Расчет по страховым взносам за 1 квартал 2026 г. (Янина Ю. Ф. ИП).pdf,PDF,2.642,Налоги и обязательная отчётность,1 кв. 2026,ИП Янина / операционный контур (требует подтверждения по части файлов),112 стр.; текстовый слой 112/112,Полная: текст извлечён,Низкий,Технических ошибок при извлечении не обнаружено; бизнес-корректность не подтверждена,Есть,Можно использовать как источник после содержательной сверки.,Обычный внутренний,Tax ledger + ENS register + DMS,"Декларации, обязательства, уведомления, ЕНС",Карантин → исправление → контрольная загрузка,65decad2cb32bd2381bcd501f125a712db98fc2c099b67823d5bd6af06479e91,Google Drive: папка аудита (точное имя файла указано в колонке «Файл»)
FILE-064,Расчет по страховым взносам за 2024 г. (ДЕКОР ООО).pdf,PDF,1.447,Налоги и обязательная отчётность,2024,ООО «ДЕКОР»,61 стр.; текстовый слой 61/61,Полная: текст извлечён,Низкий,Технических ошибок при извлечении не обнаружено; бизнес-корректность не подтверждена,Есть,Можно использовать как источник после содержательной сверки.,Обычный внутренний,Tax ledger + ENS register + DMS,"Декларации, обязательства, уведомления, ЕНС",Карантин → исправление → контрольная загрузка,8b2e6e29f3b1354bc1951d33d0041877f841cfde506c041422d18fe0d439c827,Google Drive: папка аудита (точное имя файла указано в колонке «Файл»)
FILE-065,Расчет по страховым взносам за 2024 г. (Янина Ю. Ф. ИП).pdf,PDF,0.983,Налоги и обязательная отчётность,2024,ИП Янина / операционный контур (требует подтверждения по части файлов),40 стр.; текстовый слой 40/40,Полная: текст извлечён,Низкий,Технических ошибок при извлечении не обнаружено; бизнес-корректность не подтверждена,Есть,Можно использовать как источник после содержательной сверки.,Обычный внутренний,Tax ledger + ENS register + DMS,"Декларации, обязательства, уведомления, ЕНС",Карантин → исправление → контрольная загрузка,db643e47a4e75326e6db7c23c36f5cb9c70549034f873fc7b993474a363ba9fd,Google Drive: папка аудита (точное имя файла указано в колонке «Файл»)
FILE-066,Расчет по страховым взносам за 2025 г. (ДЕКОР ООО).pdf,PDF,1.342,Налоги и обязательная отчётность,2025,ООО «ДЕКОР»,56 стр.; текстовый слой 56/56,Полная: текст извлечён,Низкий,Технических ошибок при извлечении не обнаружено; бизнес-корректность не подтверждена,Есть,Можно использовать как источник после содержательной сверки.,Обычный внутренний,Tax ledger + ENS register + DMS,"Декларации, обязательства, уведомления, ЕНС",Карантин → исправление → контрольная загрузка,011873cc74e26353685e937c2e0e18356ab318b5befea9ca07fdcf3115c977c5,Google Drive: папка аудита (точное имя файла указано в колонке «Файл»)
FILE-067,Расчет по страховым взносам за 2025 г. (Янина Ю. Ф. ИП).pdf,PDF,1.898,Налоги и обязательная отчётность,2025,ИП Янина / операционный контур (требует подтверждения по части файлов),80 стр.; текстовый слой 80/80,Полная: текст извлечён,Низкий,Технических ошибок при извлечении не обнаружено; бизнес-корректность не подтверждена,Есть,Можно использовать как источник после содержательной сверки.,Обычный внутренний,Tax ledger + ENS register + DMS,"Декларации, обязательства, уведомления, ЕНС",Карантин → исправление → контрольная загрузка,8dbbd4be38b074b5ef437b0c010204e59150d1d267eb610eba554a908427842e,Google Drive: папка аудита (точное имя файла указано в колонке «Файл»)
FILE-068,результат капсула 2024.xlsx,Excel,1.189,Коллекции и продукт,2024,ИП Янина / операционный контур (требует подтверждения по части файлов),2 лист(ов); 1 238 непустых ячеек; 9 формул,Полная: значения и формулы извлечены по всем листам,Низкий,Встроенных медиафайлов: 46,Есть,Можно использовать как источник после содержательной сверки.,Обычный внутренний,PLM/MDM,"Коллекции, модели, SKU, версии",Мигрировать данные в целевой регистр; файл оставить read-only выгрузкой/архивом,0db64a857c29ffe11f7098f246ab3204ed07a8842fc401f7abe4c22232e2e629,Google Drive: папка аудита (точное имя файла указано в колонке «Файл»)
FILE-069,результат капсула 2025.xlsx,Excel,1.819,Коллекции и продукт,2025,ИП Янина / операционный контур (требует подтверждения по части файлов),2 лист(ов); 1 708 непустых ячеек; 72 формул,Полная: значения и формулы извлечены по всем листам,Низкий,Встроенных медиафайлов: 67,Есть,Можно использовать как источник после содержательной сверки.,Обычный внутренний,PLM/MDM,"Коллекции, модели, SKU, версии",Мигрировать данные в целевой регистр; файл оставить read-only выгрузкой/архивом,2e85f06f7fa424c61cb0a9a73986d9f0a03841164c71f38023bdb4c5863cdd81,Google Drive: папка аудита (точное имя файла указано в колонке «Файл»)
FILE-070,результат кол-я 43 (янв 2024).xlsx,Excel,1.002,Коллекции и продукт,2024,ИП Янина / операционный контур (требует подтверждения по части файлов),3 лист(ов); 1 051 непустых ячеек; 59 формул,Полная: значения и формулы извлечены по всем листам,Средний,Внешние ссылки на локальные пути: 1 | Встроенных медиафайлов: 43,Есть частично/с ограничениями,Можно использовать как источник после содержательной сверки. Перед обновлением ссылок заменить локальные пути или зафиксировать значения.,Обычный внутренний,PLM/MDM,"Коллекции, модели, SKU, версии",Карантин → исправление → контрольная загрузка,e677b0690075db9bc51a202b337963d0f988f700e9f50ef0651a393e74f5f050,Google Drive: папка аудита (точное имя файла указано в колонке «Файл»)
FILE-071,результат кол-я 44 (июнь 2024).xlsx,Excel,0.838,Коллекции и продукт,2024,ИП Янина / операционный контур (требует подтверждения по части файлов),3 лист(ов); 614 непустых ячеек; 61 формул,Полная: значения и формулы извлечены по всем листам,Средний,Внешние ссылки на локальные пути: 1 | Встроенных медиафайлов: 31,Есть частично/с ограничениями,Можно использовать как источник после содержательной сверки. Перед обновлением ссылок заменить локальные пути или зафиксировать значения.,Обычный внутренний,PLM/MDM,"Коллекции, модели, SKU, версии",Карантин → исправление → контрольная загрузка,7e1258ee5d2dc92632370a1961179104474a9fc319322e6d5a56f9ee9b95d345,Google Drive: папка аудита (точное имя файла указано в колонке «Файл»)
FILE-072,результат кол-я 45 (янв 2025).xlsx,Excel,0.701,Коллекции и продукт,2025,ИП Янина / операционный контур (требует подтверждения по части файлов),3 лист(ов); 574 непустых ячеек; 9 формул,Полная: значения и формулы извлечены по всем листам,Средний,Внешние ссылки на локальные пути: 1 | Встроенных медиафайлов: 33,Есть частично/с ограничениями,Можно использовать как источник после содержательной сверки. Перед обновлением ссылок заменить локальные пути или зафиксировать значения.,Обычный внутренний,PLM/MDM,"Коллекции, модели, SKU, версии",Карантин → исправление → контрольная загрузка,a05546f621ab5af9fb57e96a698d6ab7660a104c5489538f22157a4cef812e46,Google Drive: папка аудита (точное имя файла указано в колонке «Файл»)
FILE-073,результат кол-я 46 (июль 2025).xlsx,Excel,0.447,Коллекции и продукт,2025,ИП Янина / операционный контур (требует подтверждения по части файлов),3 лист(ов); 396 непустых ячеек; 1 формул,Полная: значения и формулы извлечены по всем листам,Средний,Внешние ссылки на локальные пути: 1 | Встроенных медиафайлов: 25,Есть частично/с ограничениями,Можно использовать как источник после содержательной сверки. Перед обновлением ссылок заменить локальные пути или зафиксировать значения.,Обычный внутренний,PLM/MDM,"Коллекции, модели, SKU, версии",Карантин → исправление → контрольная загрузка,975a4d4c055dfdf68d5c34b274c88a023c1cc6fdcbb3201c5e3d1e8a1a9e6753,Google Drive: папка аудита (точное имя файла указано в колонке «Файл»)
FILE-074,результат кол-я 47 (янв 2026).xlsx,Excel,1.403,Коллекции и продукт,2026,ИП Янина / операционный контур (требует подтверждения по части файлов),3 лист(ов); 673 непустых ячеек; 4 формул,Полная: значения и формулы извлечены по всем листам,Средний,Внешние ссылки на локальные пути: 1 | Встроенных медиафайлов: 32,Есть частично/с ограничениями,Можно использовать как источник после содержательной сверки. Перед обновлением ссылок заменить локальные пути или зафиксировать значения.,Обычный внутренний,PLM/MDM,"Коллекции, модели, SKU, версии",Карантин → исправление → контрольная загрузка,d215da62070cbc794e73360ed6fc47d1b1ae64a2fe416cc261cdf6eaa9a9f631,Google Drive: папка аудита (точное имя файла указано в колонке «Файл»)
FILE-075,результат круиз 09.04.25.xlsx,Excel,5.025,Коллекции и продукт,Не определён из названия,ИП Янина / операционный контур (требует подтверждения по части файлов),1 лист(ов); 2 905 непустых ячеек; 310 формул,Полная: значения и формулы извлечены по всем листам,Низкий,Встроенных медиафайлов: 176,Есть,Можно использовать как источник после содержательной сверки.,Обычный внутренний,PLM/MDM,"Коллекции, модели, SKU, версии",Мигрировать данные в целевой регистр; файл оставить read-only выгрузкой/архивом,25bcd1e70d4cffc8a59e4608daf1b493be408dd4b78fcf1f0e009d12af6a0ffe,Google Drive: папка аудита (точное имя файла указано в колонке «Файл»)
FILE-076,результат круиз 14.04.26.xlsx,Excel,9.661,Коллекции и продукт,Не определён из названия,ИП Янина / операционный контур (требует подтверждения по части файлов),2 лист(ов); 3 035 непустых ячеек; 60 формул,Полная: значения и формулы извлечены по всем листам,Низкий,Встроенных медиафайлов: 110,Есть,Можно использовать как источник после содержательной сверки.,Обычный внутренний,PLM/MDM,"Коллекции, модели, SKU, версии",Мигрировать данные в целевой регистр; файл оставить read-only выгрузкой/архивом,964463aee6013779a0e7991b2d15f994eabce8edcae5c2ccb9f4de97275f1168,Google Drive: папка аудита (точное имя файла указано в колонке «Файл»)
FILE-077,результат круиз 22.04.24.xlsx,Excel,6.287,Коллекции и продукт,Не определён из названия,ИП Янина / операционный контур (требует подтверждения по части файлов),1 лист(ов); 2 735 непустых ячеек; 169 формул,Полная: значения и формулы извлечены по всем листам,Низкий,Встроенных медиафайлов: 108,Есть,Можно использовать как источник после содержательной сверки.,Обычный внутренний,PLM/MDM,"Коллекции, модели, SKU, версии",Мигрировать данные в целевой регистр; файл оставить read-only выгрузкой/архивом,655d54fe75333d8102a2326ba7b881dc9876838227150fa36de078637a59d637,Google Drive: папка аудита (точное имя файла указано в колонке «Файл»)
FILE-078,результат НГ 2024.xlsx,Excel,2.053,Коллекции и продукт,2024,ИП Янина / операционный контур (требует подтверждения по части файлов),2 лист(ов); 1 481 непустых ячеек; 123 формул,Полная: значения и формулы извлечены по всем листам,Низкий,Встроенных медиафайлов: 80,Есть,Можно использовать как источник после содержательной сверки.,Обычный внутренний,PLM/MDM,"Коллекции, модели, SKU, версии",Мигрировать данные в целевой регистр; файл оставить read-only выгрузкой/архивом,a7421e474c22789b11de4e4714f07ff84708a279af575d01eb6dffcdd6c29fe2,Google Drive: папка аудита (точное имя файла указано в колонке «Файл»)
FILE-079,результат НГ 24.11.25.xlsx,Excel,1.082,Коллекции и продукт,Не определён из названия,ИП Янина / операционный контур (требует подтверждения по части файлов),2 лист(ов); 1 028 непустых ячеек; 4 формул,Полная: значения и формулы извлечены по всем листам,Низкий,Встроенных медиафайлов: 36,Есть,Можно использовать как источник после содержательной сверки.,Обычный внутренний,PLM/MDM,"Коллекции, модели, SKU, версии",Мигрировать данные в целевой регистр; файл оставить read-only выгрузкой/архивом,ff307568db942231ef7e9639463d49c8bc00e6e017211d344b492377ba50e710,Google Drive: папка аудита (точное имя файла указано в колонке «Файл»)
FILE-080,Сведения о наличии отрицательного сальдо ЕНС.pdf,PDF,0.136,Налоги и обязательная отчётность,Не определён из названия,Не указано в названии,1 стр.; текстовый слой 0/1,Только изображение; проверено визуально,Средний,Нет текстового слоя | Визуально проверено: по состоянию на 25.06.2026 неисполненной обязанности нет.,Есть частично/с ограничениями,Можно использовать как подтверждающий документ; автоматический поиск и сверка ограничены.,Обычный внутренний,Tax ledger + ENS register + DMS,"Декларации, обязательства, уведомления, ЕНС",Хранить как первичный/официальный документ в DMS; метаданные связать с регистром,74b267159f9036a828700385d64c92975abf17c79021e5532b3a9134698f959c,Google Drive: папка аудита (точное имя файла указано в колонке «Файл»)
FILE-081,Себестоимость Жукова.xlsx,Excel,2.162,Себестоимость и производство,Не определён из названия,ИП Янина / операционный контур (требует подтверждения по части файлов),6 лист(ов); 32 384 непустых ячеек; 3 939 формул,Полная: значения и формулы извлечены по всем листам,Высокий,488 × #DIV/0! | Встроенных медиафайлов: 5,Есть частично/с ограничениями,Использовать только строки без ошибок; расчёты себестоимости с #DIV/0! исключить до заполнения знаменателя.,Обычный внутренний,PLM/ERP/MES,"BOM, production order, операции, cost version",Карантин → исправление → контрольная загрузка,ccfa8b9574eb8479608de30194fcff84fc91272a453fb10656f4fca644376286,Google Drive: папка аудита (точное имя файла указано в колонке «Файл»)
FILE-082,Себестоимость Меркушина.xlsx,Excel,0.302,Себестоимость и производство,Не определён из названия,ИП Янина / операционный контур (требует подтверждения по части файлов),4 лист(ов); 12 880 непустых ячеек; 2 430 формул,Полная: значения и формулы извлечены по всем листам,Средний,15 × #DIV/0!,Есть частично/с ограничениями,Использовать только строки без ошибок; проверить нулевые количества в ошибочных блоках.,Обычный внутренний,PLM/ERP/MES,"BOM, production order, операции, cost version",Карантин → исправление → контрольная загрузка,823ce027153ee9e66da2b5c18295147e430a2b7535175ace89f2749448ba7a31,Google Drive: папка аудита (точное имя файла указано в колонке «Файл»)
FILE-083,себестоимость Мокеева 2025.xlsx,Excel,0.188,Себестоимость и производство,2025,ИП Янина / операционный контур (требует подтверждения по части файлов),1 лист(ов); 16 217 непустых ячеек; 82 формул,Полная: значения и формулы извлечены по всем листам,Низкий,Технических ошибок при извлечении не обнаружено; бизнес-корректность не подтверждена,Есть,Можно использовать как источник после содержательной сверки.,Обычный внутренний,PLM/ERP/MES,"BOM, production order, операции, cost version",Карантин → исправление → контрольная загрузка,5ae5aea8b2021895480f3ae743e1eb4a3bb5d1f62cdf41a4ad34c0a5a9647105,Google Drive: папка аудита (точное имя файла указано в колонке «Файл»)
FILE-084,себестоимость Мокеева 2026.xlsx,Excel,0.081,Себестоимость и производство,2026,ИП Янина / операционный контур (требует подтверждения по части файлов),1 лист(ов); 8 158 непустых ячеек; 76 формул,Полная: значения и формулы извлечены по всем листам,Низкий,Технических ошибок при извлечении не обнаружено; бизнес-корректность не подтверждена,Есть,Можно использовать как источник после содержательной сверки.,Обычный внутренний,PLM/ERP/MES,"BOM, production order, операции, cost version",Карантин → исправление → контрольная загрузка,064cdedd5bf73212cd556b4554cda27096f3ad9515753876d10f68a503e9c5c2,Google Drive: папка аудита (точное имя файла указано в колонке «Файл»)
FILE-085,Список контрагентов по закупке.xlsx,Excel,0.014,Закупки и запасы,Не определён из названия,Не указано в названии,1 лист(ов); 132 непустых ячеек; 0 формул,Полная: значения и формулы извлечены по всем листам,Низкий,Технических ошибок при извлечении не обнаружено; бизнес-корректность не подтверждена,Есть,Можно использовать как источник после содержательной сверки.,Обычный внутренний,ERP/1С + WMS,"Поставщики, PO, приёмка, материалы, партии",Карантин → исправление → контрольная загрузка,11f7b2d33f442889faf07fce5092f043008799fdd622b7f65a1dea11a906460b,Google Drive: папка аудита (точное имя файла указано в колонке «Файл»)
FILE-086,Список представленной отчетности за 2024.pdf,PDF,1.355,Налоги и обязательная отчётность,2024,Не указано в названии,5 стр.; текстовый слой 0/5,Только изображение; проверено визуально,Средний,Нет текстового слоя | Визуально проверено: 5 страниц заполненного перечня представленной отчётности; текстового слоя нет.,Есть частично/с ограничениями,Можно использовать как подтверждающий документ; автоматический поиск и сверка ограничены.,Обычный внутренний,Tax ledger + ENS register + DMS,"Декларации, обязательства, уведомления, ЕНС",Хранить как первичный/официальный документ в DMS; метаданные связать с регистром,0a59904dd2d1c14c64b73e3e86935e07aa75bf1bc8e665820dda11f7cc1afecb,Google Drive: папка аудита (точное имя файла указано в колонке «Файл»)
FILE-087,Список представленной отчетности за 2025.pdf,PDF,1.491,Налоги и обязательная отчётность,2025,Не указано в названии,5 стр.; текстовый слой 0/5,Только изображение; проверено визуально,Средний,Нет текстового слоя | Визуально проверено: 5 страниц заполненного перечня представленной отчётности; текстового слоя нет.,Есть частично/с ограничениями,Можно использовать как подтверждающий документ; автоматический поиск и сверка ограничены.,Обычный внутренний,Tax ledger + ENS register + DMS,"Декларации, обязательства, уведомления, ЕНС",Хранить как первичный/официальный документ в DMS; метаданные связать с регистром,446e4dda8aa45a3e2a5b952aef2f4e89845630a2446b087742464f581e9c7152,Google Drive: папка аудита (точное имя файла указано в колонке «Файл»)
FILE-088,Список представленной отчетности за 2026.pdf,PDF,0.808,Налоги и обязательная отчётность,2026,Не указано в названии,3 стр.; текстовый слой 0/3,Только изображение; проверено визуально,Средний,Нет текстового слоя | Визуально проверено: 3 страницы заполненного перечня представленной отчётности; текстового слоя нет.,Есть частично/с ограничениями,Можно использовать как подтверждающий документ; автоматический поиск и сверка ограничены.,Обычный внутренний,Tax ledger + ENS register + DMS,"Декларации, обязательства, уведомления, ЕНС",Хранить как первичный/официальный документ в DMS; метаданные связать с регистром,48b008b303e010265150317b93a3b961f298b65240bca5e776221ccac1bb9c77,Google Drive: папка аудита (точное имя файла указано в колонке «Файл»)
FILE-089,Справка о расчетах по взносам на несч.сл на 25.06.2026.pdf,PDF,0.604,Налоги и обязательная отчётность,2026,Не указано в названии,2 стр.; текстовый слой 0/2,Только изображение; проверено визуально,Средний,"Нет текстового слоя | Визуально проверено: отрицательные значения означают переплату; взносы −29 080,68 руб., пени −242,34 руб.; штрафы 0,00 руб.",Есть частично/с ограничениями,Можно использовать как подтверждающий документ; автоматический поиск и сверка ограничены.,Обычный внутренний,Tax ledger + ENS register + DMS,"Декларации, обязательства, уведомления, ЕНС",Хранить как первичный/официальный документ в DMS; метаданные связать с регистром,52671eb999e4ce9e26af9b964002a4274bbfe5c4caf90b0325169b0a7f89aca1,Google Drive: папка аудита (точное имя файла указано в колонке «Файл»)
FILE-090,Справка об исполнении обязанности по налогам.pdf,PDF,0.156,Налоги и обязательная отчётность,Не определён из названия,Не указано в названии,1 стр.; текстовый слой 0/1,Только изображение; проверено визуально,Средний,Нет текстового слоя | Визуально проверено: по состоянию на 25.06.2026 неисполненной обязанности нет.,Есть частично/с ограничениями,Можно использовать как подтверждающий документ; автоматический поиск и сверка ограничены.,Обычный внутренний,Tax ledger + ENS register + DMS,"Декларации, обязательства, уведомления, ЕНС",Хранить как первичный/официальный документ в DMS; метаданные связать с регистром,90040ae0af419cf1c2e7a18bf614e16481c5714fd14b1b3e79cd35f03f7fa050,Google Drive: папка аудита (точное имя файла указано в колонке «Файл»)
FILE-091,Факт анализ продаж B2B 2025.xlsx,Excel,0.035,Продажи и каналы,2025,ИП Янина / операционный контур (требует подтверждения по части файлов),3 лист(ов); 1 170 непустых ячеек; 198 формул,Полная: значения и формулы извлечены по всем листам,Низкий,Технических ошибок при извлечении не обнаружено; бизнес-корректность не подтверждена,Есть,Можно использовать как источник после содержательной сверки.,Обычный внутренний,CRM/POS/CMS + ERP,"Заказы, строки продаж, возвраты, settlement",Карантин → исправление → контрольная загрузка,758f1723b3d6a9b1e7b32f2b971bff97bf5734bb46cc38187a6e245669460ed8,Google Drive: папка аудита (точное имя файла указано в колонке «Файл»)
FILE-092,Факт анализ продаж B2B 2026.xlsx,Excel,0.033,Продажи и каналы,2026,ИП Янина / операционный контур (требует подтверждения по части файлов),3 лист(ов); 888 непустых ячеек; 200 формул,Полная: значения и формулы извлечены по всем листам,Средний,40 × #DIV/0!,Есть частично/с ограничениями,"Показатели будущих/нулевых периодов с #DIV/0! считать отсутствующими, не нулевыми.",Обычный внутренний,CRM/POS/CMS + ERP,"Заказы, строки продаж, возвраты, settlement",Карантин → исправление → контрольная загрузка,8cd1b3a3570f40b5344a8b0cb0751eb18e566953d4b2fde437fe9d33dcae29f6,Google Drive: папка аудита (точное имя файла указано в колонке «Файл»)
FILE-093,Штатка ИП.xlsx,Excel,0.014,Персонал и оплата труда,Не определён из названия,ИП Янина / операционный контур (требует подтверждения по части файлов),1 лист(ов); 301 непустых ячеек; 0 формул,Полная: значения и формулы извлечены по всем листам,Низкий,Технических ошибок при извлечении не обнаружено; бизнес-корректность не подтверждена,Есть,Можно использовать как источник после содержательной сверки.,Обычный внутренний,HRIS/ЗУП + Payroll ledger,"Сотрудники, начисления, реестры выплат",Карантин → исправление → контрольная загрузка,500393dd127fa501f8e78895f5fb7e37a8e647d1e57f622f61ccecab74dd6765,Google Drive: папка аудита (точное имя файла указано в колонке «Файл»)
